城市,时间,SO2(μg/m3),NO2(μg/m3),NOx(μg/m3),NO(μg/m3),CO(mg/m3),O3(μg/m3),PM10(μg/m3),PM2.5(μg/m3),AQI,等级,首要污染物
渭南市,2026-04-26 01:00,8,33,39,4,0.6,57,75,31,68,良,PM10
咸阳市,2026-04-26 01:00,6,29,31,2,0.6,64,89,41,78,良,PM10
渭南市,2026-04-26 02:00,8,31,39,5,0.7,54,73,30,67,良,PM10
咸阳市,2026-04-26 02:00,6,26,28,2,0.7,59,85,39,75,良,PM10
咸阳市,2026-04-26 03:00,6,27,29,2,0.7,53,83,39,74,良,PM10
渭南市,2026-04-26 03:00,8,37,51,9,0.7,38,69,29,64,良,PM10
渭南市,2026-04-26 04:00,8,37,44,5,0.7,33,69,29,64,良,PM10
咸阳市,2026-04-26 04:00,5,29,31,2,0.7,41,78,37,70,良,PM10
渭南市,2026-04-26 05:00,9,32,35,2,0.8,35,68,30,63,良,PM10
咸阳市,2026-04-26 05:00,5,29,31,2,0.7,32,77,38,70,良,PM10
咸阳市,2026-04-26 06:00,5,26,29,3,0.7,28,77,37,70,良,PM10
渭南市,2026-04-26 06:00,8,31,35,3,0.7,32,66,30,62,良,PM10
咸阳市,2026-04-26 07:00,5,27,33,4,0.7,26,74,35,68,良,PM10
渭南市,2026-04-26 07:00,8,35,45,7,0.8,30,73,33,67,良,PM10
渭南市,2026-04-26 08:00,10,35,48,9,0.9,30,77,37,70,良,PM10
咸阳市,2026-04-26 08:00,5,24,35,7,0.8,33,78,37,70,良,PM10
渭南市,2026-04-26 09:00,14,29,40,8,0.9,51,84,40,75,良,PM10
咸阳市,2026-04-26 09:00,6,23,32,6,0.8,51,80,38,72,良,PM10
渭南市,2026-04-26 10:00,16,23,31,5,1.1,75,87,42,77,良,PM10
咸阳市,2026-04-26 10:00,7,19,26,4,0.7,76,80,36,72,良,PM10
渭南市,2026-04-26 11:00,16,21,28,4,1,94,93,43,81,良,PM10
咸阳市,2026-04-26 11:00,8,17,21,3,0.6,99,81,36,73,良,PM10
渭南市,2026-04-26 12:00,16,19,24,3,0.9,123,89,42,78,良,PM10
咸阳市,2026-04-26 12:00,8,16,20,2,0.6,119,82,36,73,良,PM10
渭南市,2026-04-26 13:00,12,17,21,3,0.9,145,86,40,76,良,PM10
咸阳市,2026-04-26 13:00,8,15,18,2,0.6,144,83,36,74,良,PM10
渭南市,2026-04-26 14:00,13,14,17,2,0.8,164,84,36,75,良,PM10
咸阳市,2026-04-26 14:00,7,12,14,2,0.6,166,78,33,70,良,PM10
渭南市,2026-04-26 15:00,13,12,15,2,0.7,175,80,31,72,良,PM10
咸阳市,2026-04-26 15:00,7,12,13,2,0.6,180,75,32,75,良,O3
渭南市,2026-04-26 16:00,10,11,14,2,0.7,172,82,28,73,良,PM10
咸阳市,2026-04-26 16:00,6,12,14,2,0.6,184,74,31,80,良,O3
渭南市,2026-04-26 17:00,9,11,13,2,0.7,166,72,27,66,良,PM10
咸阳市,2026-04-26 17:00,6,11,12,2,0.6,185,78,30,82,良,O3
西安市,2026-04-26 01:00,6,44,48,4,0.6,45,85,34,75,良,PM10
西安市,2026-04-26 02:00,6,39,42,3,0.6,47,82,35,73,良,PM10
西安市,2026-04-26 03:00,6,35,38,4,0.6,44,78,34,70,良,PM10
西安市,2026-04-26 04:00,6,37,43,6,0.6,38,80,34,72,良,PM10
西安市,2026-04-26 05:00,6,39,46,10,0.6,30,80,35,72,良,PM10
西安市,2026-04-26 06:00,6,42,52,11,0.6,24,85,37,75,良,PM10
西安市,2026-04-26 07:00,5,41,52,7,0.6,23,87,40,77,良,PM10
西安市,2026-04-26 08:00,6,36,48,7,0.7,33,87,43,77,良,PM10
西安市,2026-04-26 09:00,7,29,37,5,0.7,53,90,44,79,良,PM10
西安市,2026-04-26 10:00,7,26,31,4,0.7,73,94,44,82,良,PM10
西安市,2026-04-26 11:00,8,22,25,3,0.6,100,94,42,82,良,PM10
西安市,2026-04-26 12:00,8,18,20,1,0.6,128,102,39,88,良,PM10
西安市,2026-04-26 13:00,8,17,18,1,0.6,154,104,35,89,良,PM10
西安市,2026-04-26 14:00,7,14,14,1,0.6,174,85,31,75,良,PM10
西安市,2026-04-26 15:00,7,12,13,1,0.6,187,82,29,84,良,O3
西安市,2026-04-26 16:00,6,13,13,1,0.6,193,79,28,92,良,O3
西安市,2026-04-26 17:00,6,13,14,1,0.5,197,77,28,97,良,O3
宝鸡市,2026-04-26 01:00,6,20,21,1,0.5,75,77,35,70,良,PM10
宝鸡市,2026-04-26 02:00,6,18,20,1,0.5,68,76,36,69,良,PM10
宝鸡市,2026-04-26 03:00,6,19,21,2,0.5,58,73,36,67,良,PM10
宝鸡市,2026-04-26 04:00,7,16,17,1,0.5,54,71,35,65,良,PM10
宝鸡市,2026-04-26 05:00,7,14,16,1,0.5,50,65,33,61,良,PM10
宝鸡市,2026-04-26 06:00,7,14,16,1,0.5,43,63,33,60,良,PM10
宝鸡市,2026-04-26 07:00,7,18,20,2,0.5,37,62,34,59,良,PM10
宝鸡市,2026-04-26 08:00,8,17,22,3,0.5,39,61,35,58,良,PM10
宝鸡市,2026-04-26 09:00,7,15,20,3,0.5,51,61,36,58,良,PM10
宝鸡市,2026-04-26 10:00,7,14,19,3,0.5,70,77,38,70,良,PM10
宝鸡市,2026-04-26 11:00,7,15,19,3,0.5,89,83,39,74,良,PM10
宝鸡市,2026-04-26 12:00,7,11,14,2,0.5,112,85,37,75,良,PM10
宝鸡市,2026-04-26 13:00,7,10,12,1,0.5,131,102,33,88,良,PM10
宝鸡市,2026-04-26 14:00,7,9,11,1,0.5,144,77,30,70,良,PM10
宝鸡市,2026-04-26 15:00,7,7,9,1,0.4,150,69,31,64,良,PM10
宝鸡市,2026-04-26 16:00,7,8,9,1,0.4,158,65,31,61,良,PM10
宝鸡市,2026-04-26 17:00,7,11,12,1,0.4,166,71,33,65,良,PM10
铜川市,2026-04-26 01:00,5,18,19,1,0.5,68,56,21,55,良,PM10
铜川市,2026-04-26 02:00,5,18,19,1,0.5,66,50,20,50,优,—
铜川市,2026-04-26 03:00,5,16,17,1,0.5,64,53,21,53,良,PM10
铜川市,2026-04-26 04:00,4,14,15,1,0.4,60,51,21,51,良,PM10
铜川市,2026-04-26 05:00,5,13,14,1,0.4,57,52,20,52,良,PM10
铜川市,2026-04-26 06:00,4,12,13,1,0.4,55,44,19,44,优,—
铜川市,2026-04-26 07:00,5,15,17,1,0.5,49,51,20,51,良,PM10
铜川市,2026-04-26 08:00,6,18,22,3,0.5,48,48,24,48,优,—
铜川市,2026-04-26 09:00,6,18,24,4,0.5,57,51,23,51,良,PM10
铜川市,2026-04-26 10:00,7,15,20,3,0.5,83,54,25,53,良,PM10
铜川市,2026-04-26 11:00,8,14,17,2,0.6,101,69,26,64,良,PM10
铜川市,2026-04-26 12:00,9,13,15,2,0.6,118,73,28,67,良,PM10
铜川市,2026-04-26 13:00,9,12,14,1,0.6,134,76,32,69,良,PM10
铜川市,2026-04-26 14:00,9,12,14,1,0.6,149,73,34,67,良,PM10
铜川市,2026-04-26 15:00,8,13,14,1,0.6,161,75,35,68,良,PM10
铜川市,2026-04-26 16:00,7,14,15,1,0.6,168,80,35,72,良,PM10
铜川市,2026-04-26 17:00,9,19,20,1,0.7,171,90,39,79,良,PM10
延安市,2026-04-26 01:00,2,54,59,3,0.5,26,93,31,81,良,PM10
延安市,2026-04-26 02:00,2,53,57,4,0.5,20,88,32,78,良,PM10
延安市,2026-04-26 03:00,2,46,48,2,0.5,20,98,29,85,良,PM10
延安市,2026-04-26 04:00,2,36,38,2,0.5,25,76,29,69,良,PM10
延安市,2026-04-26 05:00,2,28,29,1,0.5,27,72,27,66,良,PM10
延安市,2026-04-26 06:00,2,23,24,1,0.4,29,63,27,60,良,PM10
延安市,2026-04-26 07:00,1,25,29,3,0.5,27,60,27,58,良,PM10
延安市,2026-04-26 08:00,2,26,37,7,0.5,32,64,30,60,良,PM10
延安市,2026-04-26 09:00,2,25,33,6,0.5,48,71,32,65,良,PM10
延安市,2026-04-26 10:00,2,23,30,5,0.5,67,73,32,67,良,PM10
延安市,2026-04-26 11:00,3,20,25,3,0.5,95,69,26,64,良,PM10
延安市,2026-04-26 12:00,4,16,18,2,0.5,128,76,25,69,良,PM10
延安市,2026-04-26 13:00,5,9,11,1,0.4,144,74,21,68,良,PM10
延安市,2026-04-26 14:00,4,7,8,1,0.3,139,65,17,61,良,PM10
延安市,2026-04-26 15:00,4,6,7,1,0.3,134,55,12,54,良,PM10
延安市,2026-04-26 16:00,4,6,7,1,0.3,131,51,12,51,良,PM10
延安市,2026-04-26 17:00,5,7,8,1,0.3,134,51,15,51,良,PM10
榆林市,2026-04-26 01:00,10,17,19,1,0.3,99,64,25,60,良,PM10
榆林市,2026-04-26 02:00,12,43,48,3,0.4,65,66,26,62,良,PM10
榆林市,2026-04-26 03:00,11,90,113,15,0.4,13,80,30,72,良,PM10
榆林市,2026-04-26 04:00,17,90,109,12,0.4,10,83,31,74,良,PM10
榆林市,2026-04-26 05:00,27,55,58,1,0.6,36,99,30,85,良,PM10
榆林市,2026-04-26 06:00,23,51,53,2,0.7,32,109,33,93,良,PM10
榆林市,2026-04-26 07:00,23,42,49,4,0.7,39,99,30,85,良,PM10
榆林市,2026-04-26 08:00,22,39,52,9,0.6,44,94,28,82,良,PM10
榆林市,2026-04-26 09:00,23,35,51,11,0.7,52,87,45,77,良,PM10
榆林市,2026-04-26 10:00,15,23,32,6,0.5,75,89,38,78,良,PM10
榆林市,2026-04-26 11:00,12,17,23,4,0.5,87,92,38,80,良,PM10
榆林市,2026-04-26 12:00,9,13,17,3,0.4,100,67,24,63,良,PM10
榆林市,2026-04-26 13:00,4,7,11,2,0.3,111,74,16,68,良,PM10
榆林市,2026-04-26 14:00,4,7,11,3,0.3,115,55,14,54,良,PM10
榆林市,2026-04-26 15:00,4,6,8,1,0.3,117,60,14,58,良,PM10
榆林市,2026-04-26 16:00,3,7,10,2,0.2,114,67,14,63,良,PM10
榆林市,2026-04-26 17:00,3,6,9,2,0.2,115,65,15,61,良,PM10
汉中市,2026-04-26 01:00,6,25,27,2,0.6,54,69,41,64,良,PM10
汉中市,2026-04-26 02:00,5,19,22,1,0.6,53,61,39,58,良,"PM10,PM2.5"
汉中市,2026-04-26 03:00,6,18,20,1,0.5,47,57,40,60,良,PM2.5
汉中市,2026-04-26 04:00,5,18,21,2,0.5,39,54,37,54,良,PM2.5
汉中市,2026-04-26 05:00,4,20,24,2,0.5,37,47,33,48,优,—
汉中市,2026-04-26 06:00,5,23,25,1,0.5,22,50,35,50,优,—
汉中市,2026-04-26 07:00,5,25,28,2,0.6,15,49,34,49,优,—
汉中市,2026-04-26 08:00,7,23,30,5,0.7,26,55,40,60,良,PM2.5
汉中市,2026-04-26 09:00,10,21,30,6,0.8,41,62,45,70,良,PM2.5
汉中市,2026-04-26 10:00,11,20,26,4,0.8,55,69,42,64,良,"PM10,PM2.5"
汉中市,2026-04-26 11:00,8,19,25,4,0.8,66,69,39,64,良,PM10
汉中市,2026-04-26 12:00,7,13,17,3,0.7,95,64,33,60,良,PM10
汉中市,2026-04-26 13:00,5,9,12,2,0.5,109,63,26,60,良,PM10
汉中市,2026-04-26 14:00,5,10,13,2,0.5,117,52,25,52,良,PM10
汉中市,2026-04-26 15:00,5,9,13,2,0.5,133,55,26,54,良,PM10
汉中市,2026-04-26 16:00,5,9,13,2,0.4,142,61,23,58,良,PM10
汉中市,2026-04-26 17:00,5,12,16,2,0.5,131,60,28,58,良,PM10
安康市,2026-04-26 01:00,16,16,18,1,0.4,42,52,22,52,良,PM10
安康市,2026-04-26 02:00,14,15,17,1,0.4,37,50,22,50,优,—
安康市,2026-04-26 03:00,9,13,14,1,0.4,30,48,21,48,优,—
安康市,2026-04-26 04:00,14,10,12,1,0.4,31,46,21,46,优,—
安康市,2026-04-26 05:00,15,8,10,1,0.4,27,46,22,46,优,—
安康市,2026-04-26 06:00,16,10,12,1,0.4,23,44,22,44,优,—
安康市,2026-04-26 07:00,14,11,14,2,0.4,20,43,22,43,优,—
安康市,2026-04-26 08:00,14,12,20,6,0.5,22,44,23,44,优,—
安康市,2026-04-26 09:00,8,11,18,5,0.5,30,44,24,44,优,—
安康市,2026-04-26 10:00,8,18,36,12,0.6,44,52,28,52,良,PM10
安康市,2026-04-26 11:00,8,16,26,7,0.6,66,54,30,53,良,PM10
安康市,2026-04-26 12:00,6,16,24,6,0.5,76,54,30,53,良,PM10
安康市,2026-04-26 13:00,6,10,15,3,0.5,102,50,26,50,优,—
安康市,2026-04-26 14:00,6,6,8,1,0.4,116,50,24,50,优,—
安康市,2026-04-26 15:00,6,9,14,3,0.4,123,52,25,52,良,PM10
安康市,2026-04-26 16:00,6,10,13,2,0.4,134,54,26,53,良,PM10
安康市,2026-04-26 17:00,6,13,20,4,0.4,129,55,26,54,良,PM10
商洛市,2026-04-26 01:00,6,14,16,2,0.5,94,46,21,46,优,—
商洛市,2026-04-26 02:00,6,14,18,2,0.5,87,48,23,48,优,—
商洛市,2026-04-26 03:00,6,14,18,2,0.5,82,52,24,52,良,PM10
商洛市,2026-04-26 04:00,6,15,18,2,0.5,73,50,24,50,优,—
商洛市,2026-04-26 05:00,8,16,19,2,0.4,48,47,21,47,优,—
商洛市,2026-04-26 06:00,8,17,20,2,0.4,37,48,22,48,优,—
商洛市,2026-04-26 07:00,8,18,22,2,0.4,34,50,23,50,优,—
商洛市,2026-04-26 08:00,10,22,30,4,0.5,29,50,25,50,优,—
商洛市,2026-04-26 09:00,9,20,30,6,0.5,39,58,30,56,良,PM10
商洛市,2026-04-26 10:00,6,10,16,4,0.5,90,71,46,72,良,PM2.5
商洛市,2026-04-26 11:00,6,10,15,4,0.6,112,67,45,70,良,PM2.5
商洛市,2026-04-26 12:00,11,10,16,4,0.7,124,64,40,60,良,"PM10,PM2.5"
商洛市,2026-04-26 13:00,12,9,13,3,0.6,134,54,32,53,良,PM10
商洛市,2026-04-26 14:00,10,8,12,2,0.5,137,50,25,50,优,—
商洛市,2026-04-26 15:00,9,8,12,2,0.5,148,53,22,53,良,PM10
商洛市,2026-04-26 16:00,6,7,10,2,0.4,140,52,22,52,良,PM10
商洛市,2026-04-26 17:00,8,10,14,2,0.4,144,48,22,48,优,—
,,,,,,,,,,,,
